Subject Matter Expert (SME) - Computer Science (AI) Internship,https://internshala.com/internship/detail/subject-matter-expert-sme-computer-science-ai-internship-in-multiple-locations-at-arihant-publications1773056959
Life Skills Trainer Internship,https://internshala.com/internship/detail/life-skills-trainer-internship-in-multiple-locations-at-arihant-publications1772885237
AI Engineer Intern at AI47Labs • Noida • Remote (Work from Home),https://wellfound.com/jobs/3976469-ai-engineer-intern
Artificial Intelligence Engineer (AI) Jobs in India - 2026,https://wellfound.com/role/l/artificial-intelligence-engineer/india
AI Engineer (Internship 2025) at AI Planet • Hyderabad,https://wellfound.com/jobs/3336490-ai-engineer-internship-2025?autoOpenApplication=true
Full Stack Development Intern (AI-Augmented) at Stylabs Technologies,https://wellfound.com/jobs/2030220-full-stack-development-intern-ai-augmented
AI/ML Intern for AI Project at Upnyx Innovative Solutions ...,https://wellfound.com/jobs/2589285-ai-ml-intern-for-ai-project
Data Science Intern – AI Agents at interactly.video • Hyderabad,https://wellfound.com/jobs/3856110-data-science-intern-ai-agents
Data Science Intern - Pune • Hyderabad • Indore,https://wellfound.com/jobs/3827039-data-science-intern
"AI Internship Program – Learn, Build, Earn Pathway (6 Months)",https://wellfound.com/jobs/3710565-ai-internship-program-learn-build-earn-pathway-6-months
"Data Science Jobs in Hyderabad, India - 2026",https://wellfound.com/role/l/data-science/hyderabad
"Deep Learning Jobs in Pune, India - 2026",https://wellfound.com/role/l/deep-learning/pune
"Deep Learning Jobs in Maharashtra, India - 2026",https://wellfound.com/role/l/deep-learning/maharashtra
"Artificial Intelligence Engineer (AI) Jobs in Pune, India - 2026",https://wellfound.com/role/l/artificial-intelligence-engineer/pune
"Nvidia: Founder, Leadership & Team",https://wellfound.com/company/nvidia/people
Page 2: Data Engineer Jobs in India - 2026,https://wellfound.com/role/l/data-engineer/india?page=2
SDE - Intern at OneAssure • Bengaluru • Bangalore Rural ...,https://wellfound.com/jobs/2761004-sde-intern
"Frontend Engineer Jobs in Hyderabad, India - 2026",https://wellfound.com/role/l/frontend-engineer/hyderabad
Page 2: MVC Developer Jobs in India - 2026,https://wellfound.com/role/l/mvc-developer/india?page=2
"Software Testing Jobs in Maharashtra, India - 2026",https://wellfound.com/role/l/software-testing/maharashtra
Tech & Startup Jobs in Chennai,https://wellfound.com/location/chennai-tn
Frontend Developer Intern (React/Next.js) at Pitchmatter ...,https://wellfound.com/jobs/3272161-frontend-developer-intern-react-next-js
Frontend Engineering Intern at Cura Docs • India Gate ...,https://wellfound.com/jobs/3904304-frontend-engineering-intern
Klenty Careers - Insights and Opportunities,https://wellfound.com/company/klenty-1
Jobs at Soldsie: Explore current Opportunities,https://wellfound.com/company/soldsie/jobs
Page 17: Remote React Developer Jobs in 2026,https://wellfound.com/role/r/react-developer?page=17
Page 2: React Native Jobs in India - 2026,https://wellfound.com/role/l/react-native/india?page=2
AI Internet Rater,https://remotive.com/remote-jobs/ai-ml/ai-internet-rater-2088618
Intern - Full-Stack Developer,https://www.arbeitnow.com/jobs/companies/acemateai/intern-full-stack-developer-berlin-51520
"Entry Level Border Patrol Agent - Up to $30,000 Sign On Bonus",https://www.themuse.com/jobs/unitedstatescustomsandborderprotection/entry-level-border-patrol-agent-up-to-30000-sign-on-bonus-cf1f2c
AI Automation - Internship at OyeLabs • India • Remote (Work ...,https://wellfound.com/jobs/3975805-ai-automation-internship
AI Prompt Engineer Intern at BabyBillion • Bengaluru,https://wellfound.com/jobs/3691718-ai-prompt-engineer-intern
AI/ML Internship at kwiqreply • Pune,https://wellfound.com/jobs/3776583-ai-ml-internship
AI Engineer Intern (Full-Stack + Agentic AI) at Dobbe AI ...,https://wellfound.com/jobs/3299524-ai-engineer-intern-full-stack-agentic-ai
AI Engineer – Internship (Deep Learning / Research Focus),https://wellfound.com/jobs/3783479-ai-engineer-internship-deep-learning-research-focus
iOS AI Application Development (Tech Internship) at MoodMe •,https://wellfound.com/jobs/2267939-ios-ai-application-development-tech-internship
Phantom AI Careers | Wellfound,https://wellfound.com/company/phantom-ai-2
AIEngineerInternSummer 2024 at DeepLogicAI•India... | Wellfound,https://wellfound.com/jobs/3023480-ai-engineer-intern-summer-2024
Machine LearningInternat LearnTube.ai(backed by...) | Wellfound,https://wellfound.com/jobs/2758615-machine-learning-intern
AIAgent DeveloperInternat Neoleads •India• Remote... | Wellfound,https://wellfound.com/jobs/3065765-ai-agent-developer-intern
Artificial Intelligence (AI) Intern at Cynapto Technologies •,https://wellfound.com/jobs/561318-artificial-intelligence-ai-intern
UI/UX and Graphic Designer Intern at Refold AI (formerly,https://wellfound.com/jobs/2575208-ui-ux-and-graphic-designer-intern
Jobs at Momento AI: Explore current Opportunities,https://wellfound.com/company/momento-ai/jobs
AI Marketing Intern at AI47Labs • Noida • Remote (Work from Home),https://wellfound.com/jobs/3987929-ai-marketing-intern
Artificial Intelligence & Machine Learning Intern at Stratzi.AI • Pune,https://wellfound.com/jobs/3695972-artificial-intelligence-machine-learning-intern
AI Engineer at PranaTree • Bangalore Urban | Wellfound,https://wellfound.com/jobs/3939407-ai-engineer
Page 3: AI Engineer Jobs in India - 2026,https://wellfound.com/role/l/ai-engineer/india?page=3
Hyderabad - Tech & Startup Jobs,https://wellfound.com/location/hyderabad
Data Analyst II at sphota.biz • Hyderabad,https://wellfound.com/jobs/3982770-data-analyst-ii
"Meta: Founder, Leadership & Team",https://wellfound.com/company/meta-fb/people
AI Engineer Interns at BUIMB RESEARCH,https://wellfound.com/jobs/3976914-ai-engineer-interns
AI Engineer I (entry level) at Velnir • Pune,https://wellfound.com/jobs/3829106-ai-engineer-i-entry-level
"Artificial Intelligence Engineer (AI) Jobs in Maharashtra, India - 2026",https://wellfound.com/role/l/artificial-intelligence-engineer/maharashtra
Deep Learning Jobs in India - 2026,https://wellfound.com/role/l/deep-learning/india
Deep Learning Jobs in Asia - 2026,https://wellfound.com/role/l/deep-learning/asia
Machine Learning Engineer Jobs in Asia - 2026,https://wellfound.com/role/l/machine-learning-engineer/asia
Page 2: Tensorflow Jobs in Asia - 2026,https://wellfound.com/role/l/tensorflow/asia?page=2
25 Startups Hiring For Junior Software Engineer Jobs,https://wellfound.com/job-collections/junior-software-engineer-jobs
Intern/Trainee Software Engineer at Artesian Software,https://wellfound.com/jobs/297818-intern-trainee-software-engineer
SDE-1 at Zynix.AI • Bangalore Urban | Wellfound,https://wellfound.com/jobs/3899729-sde-1
Frontend Developer (SDEI) at Supaboard • Bangalore Urban,https://wellfound.com/jobs/3544800-frontend-developer-sdei
Python Backend Developer (Blockchain & AI) at NeoFi,https://wellfound.com/jobs/3711445-python-backend-developer-blockchain-ai
Jobs at Learnyst: Explore current Opportunities,https://wellfound.com/company/learnyst/jobs
Jobs at Invsto: Explore current Opportunities,https://wellfound.com/company/invsto-1/jobs
Intern - Frontend Developer at NoblesseTech • Chennai,https://wellfound.com/jobs/3869215-intern-frontend-developer
Frontend Developer at Legacies Techno Pvt.Ltd. • Chennai ...,https://wellfound.com/jobs/3650836-frontend-developer
Zaggle Careers - Insights and Opportunities,https://wellfound.com/company/zaggle-1
"Hive - Machine Learning Engineer - LeverZoox - Machine Learning Engineer Intern (Ph.D), PerceptionValence - Machine Learning EngineerInstitute of Foundation Models - Machine Learning Engineer",https://jobs.lever.co/hive/fb175ecc-b6ba-4242-a84a-8699f9b0e971
"Machine Learning Engineer Intern, Autonomy Behavior - Zoox",https://jobs.lever.co/zoox/74ef6bb8-ec8a-4c6c-8618-544717f40e2d
"Zoox - Senior Staff Machine Learning Engineer - PerceptionHive - Machine Learning Engineer - LeverZoox - Machine Learning Engineer Intern (Ph.D), PerceptionValence - Machine Learning EngineerInstitute of Foundation Models - Machine Learning Engineer",https://jobs.lever.co/zoox/1ff0f89b-77ec-4e86-927e-7098c377581f
"Zoox - Machine Learning Engineer Intern (Ph.D), Perception",https://jobs.lever.co/zoox/9b3ab3ee-b130-49b6-8413-7d8fd9c33ed3
